{
  "bowl": {
    "x": 1.6976322071416707,
    "y": -0.06633333333333524,
    "yaw": -3.155524667794307
  },
  "home": {
    "x": 0.11,
    "y": -0.027,
    "yaw": -6.283185307179586
  }
}